<application>
  <component name="GeneralSettings">
    <option name="confirmExit" value="false" />
    <option name="confirmOpenNewProject2" value="0" />
    <option name="defaultProjectDirectory" value="D:\IDEAWORK\SpringBootSSM" />
    <option name="processCloseConfirmation" value="TERMINATE" />
    <option name="showTipsOnStartup" value="false" />
  </component>
  <component name="Registry">
    <entry key="ide.windowSystem.autoShowProcessPopup" value="true" />
    <entry key="compiler.automake.allow.when.app.running" value="true" />
    <entry key="compiler.document.save.trigger.delay" value="100" />
    <entry key="actionSystem.assertFocusAccessFromEdt" value="false" />
  </component>
</application>